id,split,type,title,file,path,ext,chars,paragraphs,paragraphs_per_1000_chars,median_paragraph_chars,under20_paragraph_ratio,max_under20_run,section_count,progression_chain,visual_cadence,source_stratum,sha256
a001,train,发言稿,叙写初心担使命 立足岗位促发展,【改6.29】叙写初心担使命 立足岗位促发展——练团子代红.docx,/Users/lixin/Documents/学习/重点学习公众号/党建稿件/发言稿/【改6.29】叙写初心担使命 立足岗位促发展——练团子代红.docx,.docx,2801,25,8.93,93,0.28,4,0,导语->背景目的->过程展开->成效意义->下一步,text-only or source image not extracted,representative-long,d8d66a44960cde422e4243df324dfef4671d6dca913ef26a479dd317d01a1ccc
a002,train,发言稿,创新“1456”党建工作法，引领推动企业高质量发展,书面发言稿 -宜宾市互联网行业党建工作会议汇报材料.docx,/Users/lixin/Documents/学习/重点学习公众号/党建稿件/发言稿/书面发言稿 -宜宾市互联网行业党建工作会议汇报材料.docx,.docx,1480,34,22.97,24,0.412,4,15,背景目的->过程展开->成效意义,text-only or source image not extracted,representative-long,ce76d7103824aa19509c9117100025974a97b08e68da5ee6269a7ac7239f6aa9
a003,train,发言稿,以党建“红” 绘就发展“新”篇章,以党建“红” 绘就发展“新”篇章-代红5.20.docx,/Users/lixin/Documents/学习/重点学习公众号/党建稿件/发言稿/以党建“红” 绘就发展“新”篇章-代红5.20.docx,.docx,2380,23,9.66,83,0.217,2,0,导语->背景目的->过程展开->成效意义->下一步,text-only or source image not extracted,representative-long,cee900e07b32ce4b0e82570a83b4d06284153296877570c0f405c391b9b1bd4b
a004,holdout,发言稿,党建赋能新领域 实干担当映初心,党建赋能新领 域实干担当映初心.docx,/Users/lixin/Documents/学习/重点学习公众号/党建稿件/发言稿/党建赋能新领 域实干担当映初心.docx,.docx,2598,24,9.24,113,0.208,1,0,导语->背景目的->过程展开,text-only or source image not extracted,representative-long,d98057830ee388d92c7b2f800b07cb26a1084a9ac1eae11d697592c4d1224933
a005,train,发言稿,大宜宾：构建“网络 + 统战”新模式,大宜宾：构建“网络 + 统战”新模式 助力叙州发展谱新篇.docx,/Users/lixin/Documents/学习/重点学习公众号/党建稿件/发言稿/大宜宾：构建“网络 + 统战”新模式 助力叙州发展谱新篇.docx,.docx,3857,31,8.04,75,0.387,3,5,背景目的->过程展开->成效意义,text-only or source image not extracted,representative-long,faaea53f111188e0e9e4019989a9e3c4dc9f107fd8bc337add07bd26e45fddad
a006,train,发言稿,“青心向党·四力助民”,练团子党支部党建工作案例内容6.26 - 副本.docx,/Users/lixin/Documents/学习/重点学习公众号/党建稿件/发言稿/练团子党支部党建工作案例内容6.26 - 副本.docx,.docx,2763,25,9.05,152,0.44,3,9,背景目的->过程展开->成效意义,text-only or source image not extracted,representative-long,462b599db0e8350e58ca33a7dee008883722b5d513a7260a7846ae3d40381b39
a007,train,日常活动开展,（第11期）党建引领，共促工会发展,（第11期）党建引领，共促工会发展.docx,/Users/lixin/Documents/学习/重点学习公众号/党建稿件/日常活动开展/（第11期）党建引领，共促工会发展.docx,.docx,1114,17,15.26,17,0.529,6,3,导语->过程展开->成效意义->下一步,text-only or source image not extracted,routine-complete,4c94a9d88f0d7d3b420e8577b84757f5dc590dfde8febb8c1303dc4c14116434
a008,train,日常活动开展,（第11期）大宜宾红娘说媒 东楼现场相亲会,（第11期）大宜宾红娘说媒 东楼现场相亲会.doc,/Users/lixin/Documents/学习/重点学习公众号/党建稿件/日常活动开展/（第11期）大宜宾红娘说媒 东楼现场相亲会.doc,.doc,440,8,18.18,9,0.625,5,0,导语->过程展开->成效意义->下一步,text-only or source image not extracted,short-routine,c8bbde0cf7237f2a718ff68a76b93238bb6e072d3de2b9bec8de611270316d44
a009,train,日常活动开展,（第12期）浪漫石海踩花山 直播赋能促发展,（第12期）浪漫石海踩花山 直播赋能促发展.doc,/Users/lixin/Documents/学习/重点学习公众号/党建稿件/日常活动开展/（第12期）浪漫石海踩花山 直播赋能促发展.doc,.doc,455,8,17.58,11,0.625,5,0,导语->过程展开->成效意义,text-only or source image not extracted,short-routine,f4c72600c928f947b17cb87a4d53981b37a6926ac274cde49bbfb55b27aa2884
a010,holdout,日常活动开展,（第13期）人才联谊 情定马湖,（第13期）人才联谊 情定马湖.doc,/Users/lixin/Documents/学习/重点学习公众号/党建稿件/日常活动开展/（第13期）人才联谊 情定马湖.doc,.doc,550,10,18.18,40,0.5,5,0,导语->过程展开->成效意义,text-only or source image not extracted,routine-complete,45631fff4023ac37266a6b17ec7b1321f88493f8c0083b8673599b298f149ddc
a011,train,日常活动开展,（第13期）练团子党支部参与清明祭扫活动简报,（第13期）练团子党支部参与清明祭扫活动简报.docx,/Users/lixin/Documents/学习/重点学习公众号/党建稿件/日常活动开展/（第13期）练团子党支部参与清明祭扫活动简报.docx,.docx,485,10,20.62,41,0.5,5,0,导语->过程展开->成效意义,text-only or source image not extracted,short-routine,093b9122ee798d9950224813b99c4bb5b0b09360894a544ec2a5744450dd85c4
a012,train,日常活动开展,（第14期）十年征程葆初心 稳中求进促发展,（第14期）十年征程葆初心 稳中求进促发展.doc,/Users/lixin/Documents/学习/重点学习公众号/党建稿件/日常活动开展/（第14期）十年征程葆初心 稳中求进促发展.doc,.doc,1133,11,9.71,78,0.455,5,0,导语->背景目的->过程展开->成效意义,text-only or source image not extracted,routine-complete,049f23a81880b9e7639b38ad6d0a74e8c0e2a1fa7b8667faef0936dc4c06926c
a013,train,日常活动开展,（第14期）练团子党支部开展第十一届爱心送考6.7,（第14期）练团子党支部开展第十一届爱心送考6.7.docx,/Users/lixin/Documents/学习/重点学习公众号/党建稿件/日常活动开展/（第14期）练团子党支部开展第十一届爱心送考6.7.docx,.docx,469,10,21.32,12,0.6,6,0,导语->过程展开->成效意义->下一步,text-only or source image not extracted,short-routine,48a95d217c7de4e6055bd6649feb7aecf9877f9c9481ca2eb90f0007152c60a6
a014,train,日常活动开展,（第15期）大宜宾红娘东楼说媒圆满落幕,（第15期）大宜宾红娘东楼说媒圆满落幕.doc,/Users/lixin/Documents/学习/重点学习公众号/党建稿件/日常活动开展/（第15期）大宜宾红娘东楼说媒圆满落幕.doc,.doc,457,9,19.69,13,0.556,5,0,导语->背景目的->过程展开->成效意义,text-only or source image not extracted,short-routine,b9b54da1f9ff22c39e0900598d699adce13ec1b5c1ad5b0e78a56c9ece481630
a015,train,日常活动开展,（第15期）练团子党支部组织观看《清廉四川》节目,（第15期）练团子党支部组织观看《清廉四川》节目.docx,/Users/lixin/Documents/学习/重点学习公众号/党建稿件/日常活动开展/（第15期）练团子党支部组织观看《清廉四川》节目.docx,.docx,396,9,22.73,16,0.556,5,0,导语->背景目的->过程展开->成效意义->下一步,text-only or source image not extracted,short-routine,dc4b040459cf8da84e36f46059f51d83fee64bcee4a2cf8c2da3352ada8c642d
a016,train,日常活动开展,（第16期）爱心助农解民忧 党员先行显担当6.17,（第16期）爱心助农解民忧 党员先行显担当6.17.docx,/Users/lixin/Documents/学习/重点学习公众号/党建稿件/日常活动开展/（第16期）爱心助农解民忧 党员先行显担当6.17.docx,.docx,538,9,16.73,14,0.556,5,0,导语->背景目的->过程展开->成效意义->下一步,text-only or source image not extracted,routine-complete,5b29f734d53c1af84b8b2a4d4f8a60b4872c8af0bd86c5b0471433dfda7b07d1
a017,train,日常活动开展,（第17期）练团子党支部开展“寻根之旅——春日农耕插秧体验”主题党日活动简报,（第17期）练团子党支部开展“寻根之旅——春日农耕插秧体验”主题党日活动简报.docx,/Users/lixin/Documents/学习/重点学习公众号/党建稿件/日常活动开展/（第17期）练团子党支部开展“寻根之旅——春日农耕插秧体验”主题党日活动简报.docx,.docx,410,9,21.95,28,0.444,4,0,导语->过程展开->成效意义->下一步,text-only or source image not extracted,short-routine,54449565e5a993eea0a7acda8846e024c3e3e03e9efbcb9e7c896233f4ed8e47
a018,train,日常活动开展,（第17期）练团子党支部开展端午福利发放活动6.17,（第17期）练团子党支部开展端午福利发放活动6.17.docx,/Users/lixin/Documents/学习/重点学习公众号/党建稿件/日常活动开展/（第17期）练团子党支部开展端午福利发放活动6.17.docx,.docx,514,9,17.51,16,0.556,5,0,导语->背景目的->过程展开->成效意义->下一步,text-only or source image not extracted,routine-complete,5af0ba83e01d178e748173e2675da8a523cfab9619caab2196232bfa3cac1164
a019,train,日常活动开展,（第19期）练团子党支部集中收看新兴领域党建专题培训线上直播6.23,（第19期）练团子党支部集中收看新兴领域党建专题培训线上直播6.23.docx,/Users/lixin/Documents/学习/重点学习公众号/党建稿件/日常活动开展/（第19期）练团子党支部集中收看新兴领域党建专题培训线上直播6.23.docx,.docx,551,9,16.33,24,0.444,4,0,导语->背景目的->过程展开->成效意义->下一步,text-only or source image not extracted,routine-complete,7820c69d7755fe4e94fe2963ebcf65acc4f7ff7911b202025e8415a7500d9b88
a020,train,日常活动开展,（第1期）组织学习《“书记龙门阵”主题坝坝会：围炉夜话——解决产业路“最后一公里”问题》,（第1期）组织学习《“书记龙门阵”主题坝坝会：围炉夜话——解决产业路“最后一公里”问题》.docx,/Users/lixin/Documents/学习/重点学习公众号/党建稿件/日常活动开展/（第1期）组织学习《“书记龙门阵”主题坝坝会：围炉夜话——解决产业路“最后一公里”问题》.docx,.docx,139,6,43.17,19,0.5,3,0,导语->过程展开->成效意义,text-only or source image not extracted,short-routine,9308b03f920fc6e1199d29e169f68b4d4b7e39600035e7596eb133be56b25983
a021,holdout,日常活动开展,（第21期）练团子党支部受邀参与“党课大家讲——百堂党课话宜宾”,（第21期）练团子党支部受邀参与“党课大家讲——百堂党课话宜宾”.docx,/Users/lixin/Documents/学习/重点学习公众号/党建稿件/日常活动开展/（第21期）练团子党支部受邀参与“党课大家讲——百堂党课话宜宾”.docx,.docx,567,11,19.4,12,0.545,6,0,导语->背景目的->过程展开->成效意义->下一步,text-only or source image not extracted,routine-complete,f8c99876e749e5e7c19d1e31a5c6e5393221bf726df95c1b33b77bd390a3b491
a022,train,日常活动开展,（第21期）练团子党支部开展“直播观奥运 共抒爱国情”主题党日活动,（第21期）练团子党支部开展“直播观奥运 共抒爱国情”主题党日活动.doc,/Users/lixin/Documents/学习/重点学习公众号/党建稿件/日常活动开展/（第21期）练团子党支部开展“直播观奥运 共抒爱国情”主题党日活动.doc,.doc,316,8,25.32,16,0.5,4,0,导语->过程展开->成效意义,text-only or source image not extracted,short-routine,28b62e279d9c0e5c3273411ff2bd1231ddcc4f7a200f8eb7bbdca7eb6c8b30f9
a023,train,日常活动开展,（第22期）学习《中国共产党基层组织选举工作条例》主题党日活动,（第22期）学习《中国共产党基层组织选举工作条例》主题党日活动.doc,/Users/lixin/Documents/学习/重点学习公众号/党建稿件/日常活动开展/（第22期）学习《中国共产党基层组织选举工作条例》主题党日活动.doc,.doc,531,8,15.07,15,0.5,4,0,导语->过程展开->成效意义,text-only or source image not extracted,routine-complete,5d0ea653ea16c1986bcec4790c88929e66f0aae06402e618f9467d496c651a59
a024,train,日常活动开展,（第22期）练团子党支部协办“宜宾父母相亲会”简报,（第22期）练团子党支部协办“宜宾父母相亲会”简报.docx,/Users/lixin/Documents/学习/重点学习公众号/党建稿件/日常活动开展/（第22期）练团子党支部协办“宜宾父母相亲会”简报.docx,.docx,420,8,19.05,12,0.625,5,0,导语->背景目的->过程展开->成效意义->下一步,text-only or source image not extracted,short-routine,9b1d99a22ef94633b934206c33a1f0b3a3ba5fab0ad58545324b351289e1fbc2
a025,train,日常活动开展,（第23期）练团子党支部开展《中国共产党纪律处分条例》的学习活动,（第23期）练团子党支部开展《中国共产党纪律处分条例》的学习活动.doc,/Users/lixin/Documents/学习/重点学习公众号/党建稿件/日常活动开展/（第23期）练团子党支部开展《中国共产党纪律处分条例》的学习活动.doc,.doc,563,13,23.09,33,0.385,5,3,导语->过程展开->成效意义->下一步,text-only or source image not extracted,routine-complete,7881accbdc079bbc12fc7f2a2cff0c4d2404bdf02d3c35de02b2506f1c0dfdc9
a026,train,日常活动开展,（第24期）练团子党支部参与宜宾市叙州区2025年新兴领域党组织庆“七一”主题党日活动简报,（第24期）练团子党支部参与宜宾市叙州区2025年新兴领域党组织庆“七一”主题党日活动简报.docx,/Users/lixin/Documents/学习/重点学习公众号/党建稿件/日常活动开展/（第24期）练团子党支部参与宜宾市叙州区2025年新兴领域党组织庆“七一”主题党日活动简报.docx,.docx,466,9,19.31,14,0.667,6,0,导语->背景目的->过程展开->成效意义->下一步,text-only or source image not extracted,short-routine,2c0123f19bbbb33ce24f163b1dad39b51145210730e7c6a2761a3e761dc846f8
a027,train,日常活动开展,（第29期）练团子党支部、叙州区妇联联合拍摄党员参与向三类侵权行为说不,（第29期）练团子党支部、叙州区妇联联合拍摄党员参与向三类侵权行为说不.docx,/Users/lixin/Documents/学习/重点学习公众号/党建稿件/日常活动开展/（第29期）练团子党支部、叙州区妇联联合拍摄党员参与向三类侵权行为说不.docx,.docx,479,10,20.88,14,0.6,6,0,背景目的->过程展开->成效意义->下一步,text-only or source image not extracted,short-routine,19f28bcb10036dd72c967dd335404afbf90ca40eea62adbd3606c0c43844bd90
a028,train,日常活动开展,（第2期）组织观看学习《百年党史》,（第2期）组织观看学习《百年党史》.docx,/Users/lixin/Documents/学习/重点学习公众号/党建稿件/日常活动开展/（第2期）组织观看学习《百年党史》.docx,.docx,127,6,47.24,9,0.667,4,0,导语->过程展开,text-only or source image not extracted,short-routine,d68cd0a4bc619f2c1283d4251fee1431b8375431025c0a441d93fb6e7a9d1d82
a029,train,日常活动开展,（第30期）练团子党支部联合多组织共观九三阅兵,（第30期）练团子党支部联合多组织共观九三阅兵.docx,/Users/lixin/Documents/学习/重点学习公众号/党建稿件/日常活动开展/（第30期）练团子党支部联合多组织共观九三阅兵.docx,.docx,485,10,20.62,12,0.6,6,0,导语->过程展开->成效意义->下一步,text-only or source image not extracted,short-routine,aef14eb25f2f04abc1459e895602ee5370a678fc1eb8d78687d8ef6625b1122e
a030,train,日常活动开展,（第38期）练团子党支部与宜宾电信市场党支部开展“党建翼联”主题党日活动,（第38期）练团子党支部与宜宾电信市场党支部开展“党建翼联”主题党日活动.docx,/Users/lixin/Documents/学习/重点学习公众号/党建稿件/日常活动开展/（第38期）练团子党支部与宜宾电信市场党支部开展“党建翼联”主题党日活动.docx,.docx,616,9,14.61,28,0.444,4,0,导语->背景目的->过程展开->成效意义->下一步,text-only or source image not extracted,routine-complete,ddde244acea77c5500e63ba6d9c7869b309b20eb105ed50724160ece6710e890
a031,train,日常活动开展,（第38期）练团子党支部开展慰问屏山困难人群主题党日活动,（第38期）练团子党支部开展慰问屏山困难人群主题党日活动.docx,/Users/lixin/Documents/学习/重点学习公众号/党建稿件/日常活动开展/（第38期）练团子党支部开展慰问屏山困难人群主题党日活动.docx,.docx,688,9,13.08,22,0.444,4,0,导语->过程展开->成效意义->下一步,text-only or source image not extracted,routine-complete,1cfcf8422d6a7b77b63a44979be560ddcdadb6467e74ea2c14ad63bf2bab7af3
a032,train,日常活动开展,（第5期）组织开展二十大精神、党性修养学习,（第5期）组织开展二十大精神、党性修养学习.docx,/Users/lixin/Documents/学习/重点学习公众号/党建稿件/日常活动开展/（第5期）组织开展二十大精神、党性修养学习.docx,.docx,122,6,49.18,12,0.667,4,0,导语->过程展开->成效意义,text-only or source image not extracted,short-routine,4ba3def171eb97fab33d747dabe76127a9a0d1935d563f5768566901006de866
a033,train,日常活动开展,（第6期）党建引领促发展，就业帮扶助未来,（第6期）党建引领促发展，就业帮扶助未来.docx,/Users/lixin/Documents/学习/重点学习公众号/党建稿件/日常活动开展/（第6期）党建引领促发展，就业帮扶助未来.docx,.docx,782,12,15.35,71,0.417,5,0,导语->过程展开->成效意义->下一步,text-only or source image not extracted,routine-complete,f5863455a5e791d95cbffec0f12e67849e8ba2084b9b202e99e362b0a9bb5a4b
a034,train,日常活动开展,（第6期）党建引领促就业 春风送岗暖人心——练团子党支部助力2026年大宜宾第九届春季招聘会纪实3.7,（第6期）党建引领促就业 春风送岗暖人心——练团子党支部助力2026年大宜宾第九届春季招聘会纪实3.7.docx,/Users/lixin/Documents/学习/重点学习公众号/党建稿件/日常活动开展/（第6期）党建引领促就业 春风送岗暖人心——练团子党支部助力2026年大宜宾第九届春季招聘会纪实3.7.docx,.docx,711,12,16.88,44,0.417,5,0,导语->背景目的->过程展开->成效意义->下一步,text-only or source image not extracted,routine-complete,fb82d1819e773fea174f4948722207190ad49597a3d102250cbc57b8c14f49f8
a035,train,日常活动开展,（第7期）一起奔赴热爱·努力“飞驰人生”,（第7期）一起奔赴热爱·努力“飞驰人生”.docx,/Users/lixin/Documents/学习/重点学习公众号/党建稿件/日常活动开展/（第7期）一起奔赴热爱·努力“飞驰人生”.docx,.docx,508,9,17.72,22,0.444,4,0,导语->背景目的->过程展开->成效意义,text-only or source image not extracted,routine-complete,78adeb287f6d9634fedfb51fb859f20e0ee744eb17c5798869b056e919a522ea
a036,train,日常活动开展,（第8期）春风送岗  业在宜宾,（第8期）春风送岗  业在宜宾.docx,/Users/lixin/Documents/学习/重点学习公众号/党建稿件/日常活动开展/（第8期）春风送岗  业在宜宾.docx,.docx,708,11,15.54,56,0.455,5,0,导语->背景目的->过程展开->成效意义->下一步,text-only or source image not extracted,routine-complete,7c926f75069cb3d1ae0068123f7cd68fd4e6af8fc3449569bede016bb9fc8cbd
a037,train,日常活动开展,（第9期）练团子党支部组织开展“党建引领促互联，凝心聚力谋发展”主题活动4.30,（第9期）练团子党支部组织开展“党建引领促互联，凝心聚力谋发展”主题活动4.30.docx,/Users/lixin/Documents/学习/重点学习公众号/党建稿件/日常活动开展/（第9期）练团子党支部组织开展“党建引领促互联，凝心聚力谋发展”主题活动4.30.docx,.docx,673,12,17.83,12,0.583,7,0,导语->背景目的->过程展开->成效意义->下一步,text-only or source image not extracted,routine-complete,457bba174cd11f060c972f22203f9c643e5f8c83dc721d29af493ae1923bfd5e
a038,train,获奖宣传,“青心向党・四力助民”：党建引领数字经济企业服务民生新实践,练团子党支部党建品牌：“青心向党・四力助民”：党建引领数字经济企业服务民生新实践.pdf,/Users/lixin/Documents/学习/重点学习公众号/党建稿件/获奖宣传/练团子党支部党建品牌：“青心向党・四力助民”：党建引领数字经济企业服务民生新实践.pdf,.pdf,2132,94,44.09,25,0.223,2,8,背景目的->过程展开->成效意义,text-only or source image not extracted,representative-long,43d6e9efcf70fa1eed00b416ae6ae0245cc09b2d2141dccec6cb45fe84d86691
a039,holdout,获奖宣传,（第1期）四力助民显担当  五星筑梦谱新篇——热烈祝贺练团子党支部荣膺四川省互联网企业“五星级党组织”1.9,（第1期）四力助民显担当  五星筑梦谱新篇——热烈祝贺练团子党支部荣膺四川省互联网企业“五星级党组织”1.9.docx,/Users/lixin/Documents/学习/重点学习公众号/党建稿件/获奖宣传/（第1期）四力助民显担当  五星筑梦谱新篇——热烈祝贺练团子党支部荣膺四川省互联网企业“五星级党组织”1.9.docx,.docx,1514,17,11.23,122,0.294,5,0,导语->过程展开->成效意义->下一步,text-only or source image not extracted,representative-long,336a37c5fe6987e21d2d1d0f7f4c0b5d80a0cdc50a95a0a25c41f05457dea004
a040,train,获奖宣传,（第22期）喜报！练团子党支部（大宜宾平台）荣获宜宾市“两优一先”表彰！7.1,（第22期）喜报！练团子党支部（大宜宾平台）荣获宜宾市“两优一先”表彰！7.1.docx,/Users/lixin/Documents/学习/重点学习公众号/党建稿件/获奖宣传/（第22期）喜报！练团子党支部（大宜宾平台）荣获宜宾市“两优一先”表彰！7.1.docx,.docx,1700,12,7.06,91,0.5,6,0,背景目的->过程展开->成效意义->下一步,text-only or source image not extracted,representative-long,4bbedff9b9ed0ada5492766b9a2934b68ab37c06010511e2659f8698b0b11c22
a041,train,获奖宣传,（第23期）喜获市级荣誉 砥砺初心前行-练团子党支部荣获宜宾市先进基层党组织称号7.2,（第23期）喜获市级荣誉 砥砺初心前行-练团子党支部荣获宜宾市先进基层党组织称号7.2.docx,/Users/lixin/Documents/学习/重点学习公众号/党建稿件/获奖宣传/（第23期）喜获市级荣誉 砥砺初心前行-练团子党支部荣获宜宾市先进基层党组织称号7.2.docx,.docx,661,10,15.13,16,0.6,6,0,导语->背景目的->过程展开->成效意义->下一步,text-only or source image not extracted,routine-complete,0aeafafe32696544ad1a061b515798efe693995efe4625c5d3a968122bb21013
a042,train,读书分享会、精英研学会,大宜宾第106期精英研学会APP发帖,大宜宾第106期精英研学会APP发帖.docx,/Users/lixin/Documents/学习/重点学习公众号/党建稿件/读书分享会、精英研学会/大宜宾第106期精英研学会APP发帖.docx,.docx,650,22,33.85,20,0.545,5,0,过程展开->成效意义->下一步,text-only or source image not extracted,routine-complete,817b5aec1e7d3c5f915f82f8bb569f7f08b15ba4606f23ba6141ded57c2358dc
a043,train,读书分享会、精英研学会,（第11期）练团子党支部组织第97期读书分享会5.29,（第11期）练团子党支部组织第97期读书分享会5.29.docx,/Users/lixin/Documents/学习/重点学习公众号/党建稿件/读书分享会、精英研学会/（第11期）练团子党支部组织第97期读书分享会5.29.docx,.docx,542,9,16.61,15,0.556,5,0,导语->背景目的->过程展开->成效意义->下一步,text-only or source image not extracted,routine-complete,d657fc4afe6450b8057ed6555c68e74d399a8d2214ec8ffde78b7e483530b478
a044,train,读书分享会、精英研学会,（第12期）练团子党支部组织第84期读书分享会,（第12期）练团子党支部组织第84期读书分享会.docx,/Users/lixin/Documents/学习/重点学习公众号/党建稿件/读书分享会、精英研学会/（第12期）练团子党支部组织第84期读书分享会.docx,.docx,495,9,18.18,15,0.556,5,0,导语->背景目的->过程展开->成效意义->下一步,text-only or source image not extracted,short-routine,2f71409913a2fcf5932aa70eddec73418b248af10baee0bca45431cca38292fd
a045,train,读书分享会、精英研学会,（第16期）练团子党支部组织第85期读书分享会,（第16期）练团子党支部组织第85期读书分享会.docx,/Users/lixin/Documents/学习/重点学习公众号/党建稿件/读书分享会、精英研学会/（第16期）练团子党支部组织第85期读书分享会.docx,.docx,528,9,17.05,15,0.556,5,0,导语->背景目的->过程展开->成效意义,text-only or source image not extracted,routine-complete,adb940666a6f9feb73a0cdf814824ca15d505aee601c8e7a26c35595d9a5e33a
a046,holdout,读书分享会、精英研学会,（第20期）练团子党支部组织开展第98期读书分享会6.25,（第20期）练团子党支部组织开展第98期读书分享会6.25.docx,/Users/lixin/Documents/学习/重点学习公众号/党建稿件/读书分享会、精英研学会/（第20期）练团子党支部组织开展第98期读书分享会6.25.docx,.docx,548,10,18.25,45,0.5,5,0,导语->背景目的->过程展开->成效意义->下一步,text-only or source image not extracted,routine-complete,a54930ebd53c3613ab1b69d47d8a12233d4a5ee9bb815279e78facfb5bfe9d0e
a047,train,读书分享会、精英研学会,（第20期）练团子党支部组织第86期读书分享会,（第20期）练团子党支部组织第86期读书分享会.docx,/Users/lixin/Documents/学习/重点学习公众号/党建稿件/读书分享会、精英研学会/（第20期）练团子党支部组织第86期读书分享会.docx,.docx,458,8,17.47,11,0.625,5,0,导语->背景目的->过程展开->成效意义->下一步,text-only or source image not extracted,short-routine,69bed3b2ba7050502e01c19976f1601b4f457a16cc5b61f58f68771ae67d2a34
a048,train,读书分享会、精英研学会,（第23期）练团子党支部组织第87期读书分享会,（第23期）练团子党支部组织第87期读书分享会.docx,/Users/lixin/Documents/学习/重点学习公众号/党建稿件/读书分享会、精英研学会/（第23期）练团子党支部组织第87期读书分享会.docx,.docx,578,9,15.57,15,0.556,5,0,导语->背景目的->过程展开,text-only or source image not extracted,routine-complete,ef0ffb3fa6135d6f19f315d06b8d1d167e99739629ffdbef41f6e1b885ad3875
a049,train,读书分享会、精英研学会,（第27期）练团子党支部组织第88期读书分享会,（第27期）练团子党支部组织第88期读书分享会.docx,/Users/lixin/Documents/学习/重点学习公众号/党建稿件/读书分享会、精英研学会/（第27期）练团子党支部组织第88期读书分享会.docx,.docx,548,10,18.25,32,0.5,5,0,导语->背景目的->过程展开->成效意义,text-only or source image not extracted,routine-complete,f33300ea0ce91774dc192307f670a6c899559587eaccf577b294846843d0b9db
a050,train,读书分享会、精英研学会,（第28期）练团子党支部组织第89期读书分享会,（第28期）练团子党支部组织第89期读书分享会.docx,/Users/lixin/Documents/学习/重点学习公众号/党建稿件/读书分享会、精英研学会/（第28期）练团子党支部组织第89期读书分享会.docx,.docx,481,9,18.71,15,0.556,5,0,导语->背景目的->过程展开->成效意义,text-only or source image not extracted,short-routine,c57ceb767c21c11c05572294442b59c038c2c626936dffb1b9ee93f9dfb9d2a5
a051,holdout,读书分享会、精英研学会,（第32期）练团子党支部第90期读书分享会简报,（第32期）练团子党支部第90期读书分享会简报.docx,/Users/lixin/Documents/学习/重点学习公众号/党建稿件/读书分享会、精英研学会/（第32期）练团子党支部第90期读书分享会简报.docx,.docx,587,9,15.33,15,0.556,5,0,导语->背景目的->过程展开->成效意义->下一步,text-only or source image not extracted,routine-complete,656b0f43b0ce601a821b16396b90797a7af09f369bd8d945ae53490cf8caa695
a052,train,读书分享会、精英研学会,（第35期）练团子党支部第91期读书分享会简报,（第35期）练团子党支部第91期读书分享会简报.docx,/Users/lixin/Documents/学习/重点学习公众号/党建稿件/读书分享会、精英研学会/（第35期）练团子党支部第91期读书分享会简报.docx,.docx,544,10,18.38,24,0.5,5,0,导语->背景目的->过程展开->下一步,text-only or source image not extracted,routine-complete,f77b5bd78334aead2b0316c47f374c098ca155521425eaa1a3fbd4550aa5ce41
a053,train,读书分享会、精英研学会,（第37期）练团子党支部组织开展第92期读书分享会,（第37期）练团子党支部组织开展第92期读书分享会.docx,/Users/lixin/Documents/学习/重点学习公众号/党建稿件/读书分享会、精英研学会/（第37期）练团子党支部组织开展第92期读书分享会.docx,.docx,490,9,18.37,17,0.556,5,0,导语->背景目的->过程展开->成效意义->下一步,text-only or source image not extracted,short-routine,f8a68cd623706d0f511314335803347f9a05e78b9c8e166bd0a2dc757842ad2a
a054,train,读书分享会、精英研学会,（第39期）练团子党支部第93期读书分享会简报,（第39期）练团子党支部第93期读书分享会简报.docx,/Users/lixin/Documents/学习/重点学习公众号/党建稿件/读书分享会、精英研学会/（第39期）练团子党支部第93期读书分享会简报.docx,.docx,577,9,15.6,15,0.556,5,0,导语->背景目的->过程展开->成效意义->下一步,text-only or source image not extracted,routine-complete,eb6fb3149e7584ef48da302ec68189b97f19c588c22854996faa10a29e965f77
a055,train,读书分享会、精英研学会,（第7期）练团子党支部组织第95期读书分享会3.20,（第7期）练团子党支部组织第95期读书分享会3.20.docx,/Users/lixin/Documents/学习/重点学习公众号/党建稿件/读书分享会、精英研学会/（第7期）练团子党支部组织第95期读书分享会3.20.docx,.docx,567,10,17.64,51,0.5,5,0,导语->背景目的->过程展开->成效意义->下一步,text-only or source image not extracted,routine-complete,a681afba11d7fb345b0f8f2ef8b7be099b279bd5d23d639caeea8be6687b44e8
a056,train,读书分享会、精英研学会,（第8期）练团子党支部组织第96期读书分享会4.29,（第8期）练团子党支部组织第96期读书分享会4.29.docx,/Users/lixin/Documents/学习/重点学习公众号/党建稿件/读书分享会、精英研学会/（第8期）练团子党支部组织第96期读书分享会4.29.docx,.docx,501,9,17.96,15,0.556,5,0,导语->背景目的->过程展开->成效意义->下一步,text-only or source image not extracted,routine-complete,b3395293098a21345229f85f80680b22475b3b3fb73f220c58af56293a2d36f1
a057,train,领导宣传,北京宜宾招待所与大宜宾共商合作，共推宜宾文化新发展,2025年10月28日北京宜宾招待所与大宜宾共商合作，共推宜宾文化新发展.docx,/Users/lixin/Documents/学习/重点学习公众号/党建稿件/领导宣传/2025年10月28日北京宜宾招待所与大宜宾共商合作，共推宜宾文化新发展.docx,.docx,639,5,7.82,130,0.0,0,0,导语->背景目的->过程展开->下一步,text-only or source image not extracted,routine-complete,0751de8ffbc4c001256aeaf45757dba4b7976bc277e210299e337b486a45ea78
a058,train,领导宣传,攀枝花市政协副主席、民革攀枝花市委会主委,4月17日攀枝花市政协副主席、民革攀枝花市委会主委魏渠河莅临大宜宾调研指导.docx,/Users/lixin/Documents/学习/重点学习公众号/党建稿件/领导宣传/4月17日攀枝花市政协副主席、民革攀枝花市委会主委魏渠河莅临大宜宾调研指导.docx,.docx,698,7,10.03,77,0.286,2,0,导语->过程展开->成效意义->下一步,text-only or source image not extracted,routine-complete,b294cd7fdcb400fece3cd5fb2d57d2209401367f6a5fa15b82b05d70c6f84ea2
a059,train,领导宣传,中央统战部研究室副主任、一级巡视员何文格一行到大宜宾调研指导！,中央统战部研究室副主任、一级巡视员何文格一行到大宜宾调研指导！.md,/Users/lixin/Documents/学习/重点学习公众号/党建稿件/领导宣传/中央统战部研究室副主任、一级巡视员何文格一行到大宜宾调研指导！.md,.md,448,12,26.79,16,0.5,5,0,导语->背景目的->过程展开,8 image markers,short-routine,b22ef494d707db9f28a6fe8a740dad26fe2654daf530ab85fa82529bff2731dd
a060,train,领导宣传,全国妇联副主席章冬梅莅临大宜宾,全国妇联副主席章冬梅莅临大宜宾调研叙州区村播（联盟）妇联建设.docx,/Users/lixin/Documents/学习/重点学习公众号/党建稿件/领导宣传/全国妇联副主席章冬梅莅临大宜宾调研叙州区村播（联盟）妇联建设.docx,.docx,531,6,11.3,53,0.333,2,0,导语->背景目的->过程展开->成效意义->下一步,text-only or source image not extracted,routine-complete,f068ee47a478124351f4b963a0f8ad2a795e3ec725455e7a8d0433d03cc5a669
a061,holdout,领导宣传,古蔺县领导干部莅临,古蔺县领导干部莅临大宜宾公司调研指导.docx,/Users/lixin/Documents/学习/重点学习公众号/党建稿件/领导宣传/古蔺县领导干部莅临大宜宾公司调研指导.docx,.docx,553,7,12.66,83,0.286,2,0,导语->背景目的->过程展开->成效意义->下一步,text-only or source image not extracted,routine-complete,f32bef9007e1321e549637b87c4daacb6221aeaced3099e0d81c1bb46cb1e582
a062,train,领导宣传,四川省委统战部副部长、万群莅临大宜宾,四川省委统战部副部长万群莅临大宜宾调研网络统战工作.doc,/Users/lixin/Documents/学习/重点学习公众号/党建稿件/领导宣传/四川省委统战部副部长万群莅临大宜宾调研网络统战工作.doc,.doc,497,6,12.07,96,0.333,2,0,导语->背景目的->过程展开->成效意义->下一步,text-only or source image not extracted,short-routine,9e3d83c366ed32a5691952350b834a0ed5e5f8c7b7986b7a5b69cd9143c43834
a063,train,领导宣传,团省委副书记蒋亭一行莅临大宜宾参观调研青年婚恋工作！,团省委副书记蒋亭一行莅临大宜宾参观调研青年婚恋工作！.md,/Users/lixin/Documents/学习/重点学习公众号/党建稿件/领导宣传/团省委副书记蒋亭一行莅临大宜宾参观调研青年婚恋工作！.md,.md,420,14,33.33,12,0.5,2,0,导语->过程展开->成效意义->下一步,14 image markers,short-routine,f19c40c9f4f2139cfb24294b53d7b9a7fa9b2c710d16e3645cd95236aa51e5f9
a064,train,领导宣传,宜宾市妇联副主席陈玉群,宜宾市妇联领导一行到大宜宾调研指导！.docx,/Users/lixin/Documents/学习/重点学习公众号/党建稿件/领导宣传/宜宾市妇联领导一行到大宜宾调研指导！.docx,.docx,368,7,19.02,54,0.286,2,0,导语->背景目的->过程展开->下一步,text-only or source image not extracted,short-routine,00f2e572f68c6eb6d512801d3447865ecdfba2ff2fb14b3e4cf0f9a56097e01e
a065,train,领导宣传,宜宾市总工会党组成员、副主席,宜宾市总工会党组成员、副主席杨莉莅临大宜宾调研指导.docx,/Users/lixin/Documents/学习/重点学习公众号/党建稿件/领导宣传/宜宾市总工会党组成员、副主席杨莉莅临大宜宾调研指导.docx,.docx,655,8,12.21,92,0.25,2,0,导语->过程展开->成效意义->下一步,text-only or source image not extracted,routine-complete,35139025d2da678d64f8391175aec7537786b76c9c2f08fcbac0dbfd4904b195
a066,train,领导宣传,宜宾市网联会赴南溪区调研,宜宾市网联会赴南溪区调研为文旅体商深度融合发展建言献策.docx,/Users/lixin/Documents/学习/重点学习公众号/党建稿件/领导宣传/宜宾市网联会赴南溪区调研为文旅体商深度融合发展建言献策.docx,.docx,616,7,11.36,100,0.286,2,0,导语->背景目的->过程展开->成效意义->下一步,text-only or source image not extracted,routine-complete,bbcb0aa618e38d40449833679bb9609f0b20c03995a188a247d8bf3e26f9e83e
a067,train,领导宣传,欢迎成都市武侯区工商联领导一行,欢迎成都市武侯区工商联领导一行莅临大宜宾指导调研！.docx,/Users/lixin/Documents/学习/重点学习公众号/党建稿件/领导宣传/欢迎成都市武侯区工商联领导一行莅临大宜宾指导调研！.docx,.docx,563,6,10.66,108,0.333,2,0,导语->背景目的->过程展开->成效意义->下一步,text-only or source image not extracted,routine-complete,d27cca47565d1ef26fe383507f1f7e25a1a4988b2c62b9f2b83319aa8998cca6
a068,train,领导宣传,热烈欢迎成都 雅安 达州 合川 许昌,热烈欢迎成都 雅安 达州 合川 许昌 安阳 南阳 平顶山 济源 汝州 永州同行 莅临大宜宾共话发展！.docx,/Users/lixin/Documents/学习/重点学习公众号/党建稿件/领导宣传/热烈欢迎成都 雅安 达州 合川 许昌 安阳 南阳 平顶山 济源 汝州 永州同行 莅临大宜宾共话发展！.docx,.docx,460,7,15.22,80,0.429,3,0,导语->过程展开->下一步,text-only or source image not extracted,short-routine,6fabc644b8782e53d822aaf38b57f7cf8e93c4df3d435d04f6bb1deb50c3c938
a069,train,领导宣传,省妇联党组书记、主席王华蓉调研大宜宾,省妇联党组书记、主席王华蓉莅临大宜宾开展调研慰问工作(4)(2).doc,/Users/lixin/Documents/学习/重点学习公众号/党建稿件/领导宣传/省妇联党组书记、主席王华蓉莅临大宜宾开展调研慰问工作(4)(2).doc,.doc,737,6,8.14,137,0.333,2,0,导语->背景目的->过程展开->成效意义->下一步,text-only or source image not extracted,routine-complete,ba86b7759648a55e129c8d9ebe9324c9acfd5d8124cbbcc4e6a98780272c11b6
a070,train,领导宣传,联创商会及会员企业宣传片制作大赛交流会简报,联创商会及会员企业宣传片制作大赛交流会简报.docx,/Users/lixin/Documents/学习/重点学习公众号/党建稿件/领导宣传/联创商会及会员企业宣传片制作大赛交流会简报.docx,.docx,500,5,10.0,103,0.0,0,0,导语->背景目的->过程展开->成效意义,text-only or source image not extracted,routine-complete,ec20bb8af3e4880f8c18437284b2debd7401dc9811774685eba15c178a327647
a071,train,领导宣传,重庆市合川区人大常委会领导,重庆市合川区人大常委会领导一行到大宜宾调研参观.docx,/Users/lixin/Documents/学习/重点学习公众号/党建稿件/领导宣传/重庆市合川区人大常委会领导一行到大宜宾调研参观.docx,.docx,335,5,14.93,90,0.4,2,0,导语->过程展开->成效意义->下一步,text-only or source image not extracted,short-routine,fc4a0272e248650fe8ae58e8000186fb2760a26d8a942fc0c2c80dbe35917270
a072,train,领导宣传,（第10期）大宜宾与宜宾人才发展集团座谈交流 共促本土人才服务与就业发展5.26,（第10期）大宜宾与宜宾人才发展集团座谈交流 共促本土人才服务与就业发展5.26.docx,/Users/lixin/Documents/学习/重点学习公众号/党建稿件/领导宣传/（第10期）大宜宾与宜宾人才发展集团座谈交流 共促本土人才服务与就业发展5.26.docx,.docx,670,11,16.42,16,0.545,6,0,导语->背景目的->过程展开->成效意义->下一步,text-only or source image not extracted,routine-complete,243fc0cef87867aacb98d0b5e956e0f38b1cc9e1e8ed11190f3a1786a488c282
a073,train,领导宣传,（第12期)眉山市委统战部部务委员高峰一行调研大宜宾新媒体平台6.3,（第12期)眉山市委统战部部务委员高峰一行调研大宜宾新媒体平台6.3.docx,/Users/lixin/Documents/学习/重点学习公众号/党建稿件/领导宣传/（第12期)眉山市委统战部部务委员高峰一行调研大宜宾新媒体平台6.3.docx,.docx,636,11,17.3,17,0.545,6,0,导语->背景目的->过程展开->成效意义->下一步,text-only or source image not extracted,routine-complete,38040fccebae76828ba338911a4c82a142f3216692b85f7fb0d9f8859c9d8e8c
a074,holdout,领导宣传,（第15期）叙州区委党校一行莅临大宜宾调研交流6.10,（第15期）叙州区委党校一行莅临大宜宾调研交流6.10.docx,/Users/lixin/Documents/学习/重点学习公众号/党建稿件/领导宣传/（第15期）叙州区委党校一行莅临大宜宾调研交流6.10.docx,.docx,747,10,13.39,31,0.5,5,0,导语->背景目的->过程展开->成效意义->下一步,text-only or source image not extracted,routine-complete,d8b23171e2e790072d06b72e7731f426b8ab0f24684cd883b20a6bc14422490d
a075,train,领导宣传,（第18期）四川省互联网行业党委、宜宾市互联网行业党委莅临练团子党支委开展困难党员慰问活动6.17,（第18期）四川省互联网行业党委、宜宾市互联网行业党委莅临练团子党支委开展困难党员慰问活动6.17.docx,/Users/lixin/Documents/学习/重点学习公众号/党建稿件/领导宣传/（第18期）四川省互联网行业党委、宜宾市互联网行业党委莅临练团子党支委开展困难党员慰问活动6.17.docx,.docx,744,11,14.78,20,0.545,6,0,导语->背景目的->过程展开->成效意义->下一步,text-only or source image not extracted,routine-complete,206ba5db6fa67ff1107e789fe78d1caf410e92a45121f051a758199721715c1f
a076,train,领导宣传,（第25期）市委网信办副主任王维国赴练团子党支部开展“七一”慰问调研,（第25期）市委网信办副主任王维国赴练团子党支部开展“七一”慰问调研.docx,/Users/lixin/Documents/学习/重点学习公众号/党建稿件/领导宣传/（第25期）市委网信办副主任王维国赴练团子党支部开展“七一”慰问调研.docx,.docx,516,10,19.38,13,0.6,6,0,导语->过程展开->成效意义->下一步,text-only or source image not extracted,routine-complete,4a2cf69af270177dce845c0f6f127c9d16fd351c45e02971fea09a8f957f1446
a077,train,领导宣传,（第26期）共青团四川省委领导一行莅临大宜宾调研指导,（第26期）共青团四川省委领导一行莅临大宜宾调研指导.docx,/Users/lixin/Documents/学习/重点学习公众号/党建稿件/领导宣传/（第26期）共青团四川省委领导一行莅临大宜宾调研指导.docx,.docx,459,10,21.79,10,0.6,6,0,导语->背景目的->过程展开->成效意义->下一步,text-only or source image not extracted,short-routine,01f987d189908b3babff6864c96b2789727f4e868ae1c17704be617bfdee924b
a078,train,领导宣传,（第2期）党建引领暖人心，工会关怀促发展,（第2期）党建引领暖人心，工会关怀促发展.docx,/Users/lixin/Documents/学习/重点学习公众号/党建稿件/领导宣传/（第2期）党建引领暖人心，工会关怀促发展.docx,.docx,457,9,19.69,14,0.556,5,0,导语->过程展开->成效意义->下一步,text-only or source image not extracted,short-routine,7311e2e5e6f79d5328f7bcaad5924ed913c6a5355625ed5839ca6eb7b1aa14ab
a079,train,领导宣传,（第31期）叙州区委组织部部长徐春阳莅临大宜宾调研指导,（第31期）叙州区委组织部部长徐春阳莅临大宜宾调研指导.docx,/Users/lixin/Documents/学习/重点学习公众号/党建稿件/领导宣传/（第31期）叙州区委组织部部长徐春阳莅临大宜宾调研指导.docx,.docx,510,9,17.65,21,0.444,4,0,导语->背景目的->过程展开->成效意义->下一步,text-only or source image not extracted,routine-complete,d7e7ea28b5a00ee1a82b15de7281bd6e861fa5b0fa6db983c3b249398f333a1b
a080,train,领导宣传,（第34期）四川省委社工部莅临调研大宜宾调研指导,（第34期）四川省委社工部莅临调研大宜宾调研指导.docx,/Users/lixin/Documents/学习/重点学习公众号/党建稿件/领导宣传/（第34期）四川省委社工部莅临调研大宜宾调研指导.docx,.docx,513,9,17.54,16,0.556,5,0,导语->背景目的->过程展开->成效意义,text-only or source image not extracted,routine-complete,f02d633d928f62363eb375650227d4920f1de82d87aa651b39eb004984a5cadd
a081,train,领导宣传,（第36期）成都高新区互联网文化协会党委赴练团子党支部开展五星级党组织审查工作,（第36期）成都高新区互联网文化协会党委赴练团子党支部开展五星级党组织审查工作.docx,/Users/lixin/Documents/学习/重点学习公众号/党建稿件/领导宣传/（第36期）成都高新区互联网文化协会党委赴练团子党支部开展五星级党组织审查工作.docx,.docx,553,10,18.08,16,0.6,6,0,导语->过程展开->成效意义->下一步,text-only or source image not extracted,routine-complete,b4f49000d57694d35bf980583b80c1023579bdbd7b0da6a71f3966b03204b25e
a082,train,领导宣传,（第4期）宜宾市市场监督管理局党组成员、机关党委书记王庆红莅临大宜宾调研交流2.25,（第4期）宜宾市市场监督管理局党组成员、机关党委书记王庆红莅临大宜宾调研交流2.25.docx,/Users/lixin/Documents/学习/重点学习公众号/党建稿件/领导宣传/（第4期）宜宾市市场监督管理局党组成员、机关党委书记王庆红莅临大宜宾调研交流2.25.docx,.docx,820,11,13.41,84,0.364,4,0,导语->背景目的->过程展开->成效意义->下一步,text-only or source image not extracted,routine-complete,0453aaf89e0a255df4c1532011fc8c288f5dd3733dacc4c754575c678f6b733f
a083,train,领导宣传,（第4期）组织关怀暖人心，新春慰问启新程,（第4期）组织关怀暖人心，新春慰问启新程.docx,/Users/lixin/Documents/学习/重点学习公众号/党建稿件/领导宣传/（第4期）组织关怀暖人心，新春慰问启新程.docx,.docx,536,9,16.79,14,0.556,5,0,导语->过程展开->成效意义->下一步,text-only or source image not extracted,routine-complete,c778275b7838224dbf39381d9cee8a2888412168bf892424dd4c42f1e2d540c2
a084,train,领导宣传,（第5期）区委社工部到大宜宾调研“两企三新”领域组织建设工作,（第5期）区委社工部到大宜宾调研“两企三新”领域组织建设工作.docx,/Users/lixin/Documents/学习/重点学习公众号/党建稿件/领导宣传/（第5期）区委社工部到大宜宾调研“两企三新”领域组织建设工作.docx,.docx,579,11,19.0,17,0.545,6,0,导语->背景目的->过程展开->成效意义,text-only or source image not extracted,routine-complete,86002fdc567703562224ecbca34836d7eb90defe427226b9f43febd56c7f7248
a085,train,领导宣传,（第6期）宜宾市委网信办新春送温暖慰问活动走进大宜宾党支部,（第6期）宜宾市委网信办新春送温暖慰问活动走进大宜宾党支部.docx,/Users/lixin/Documents/学习/重点学习公众号/党建稿件/领导宣传/（第6期）宜宾市委网信办新春送温暖慰问活动走进大宜宾党支部.docx,.docx,456,9,19.74,16,0.556,5,0,导语->过程展开,text-only or source image not extracted,short-routine,5be642d535f2d454c41a6cc8ed2f651b9fe12fc412abbb1402fb971dab4f0498
a086,train,领导宣传,（第7期）区数据局局长走访大宜宾公司，共商发展新机遇,（第7期）区数据局局长走访大宜宾公司，共商发展新机遇.docx,/Users/lixin/Documents/学习/重点学习公众号/党建稿件/领导宣传/（第7期）区数据局局长走访大宜宾公司，共商发展新机遇.docx,.docx,428,9,21.03,20,0.556,5,0,导语->过程展开->成效意义->下一步,text-only or source image not extracted,short-routine,72dd3578540262d13009f35eaf43477254ab367143bc9929ed95ca9a71386cfc
a087,train,领导宣传,（第8期）党建领航大宜宾，区域发展展宏图,（第8期）党建领航大宜宾，区域发展展宏图.docx,/Users/lixin/Documents/学习/重点学习公众号/党建稿件/领导宣传/（第8期）党建领航大宜宾，区域发展展宏图.docx,.docx,598,9,15.05,14,0.556,5,0,导语->成效意义->下一步,text-only or source image not extracted,routine-complete,c846fd1a1f2b6d89669c62fb09494ce6bed5115064d5376359f26439cf8d05a1
a088,train,领导宣传,（第9期）党建引领促发展，调研指导谱新篇,（第9期）党建引领促发展，调研指导谱新篇.docx,/Users/lixin/Documents/学习/重点学习公众号/党建稿件/领导宣传/（第9期）党建引领促发展，调研指导谱新篇.docx,.docx,598,10,16.72,58,0.5,5,0,导语->背景目的->成效意义->下一步,text-only or source image not extracted,routine-complete,ed54540f36e5cd756b6bc3b15848119d818d702df447bcc4070e92c001cfcd92
